
<resources>
    <style name="AppTheme" parent="Theme.Material3.Dark.NoActionBar">
        <item name="colorPrimary">@color/md_theme_light_primary</item>
        <item name="colorOnPrimary">@color/md_theme_light_onPrimary</item>
        <item name="colorPrimaryContainer">@color/md_theme_light_primaryContainer</item>
        <item name="colorOnPrimaryContainer">@color/md_theme_light_onPrimaryContainer</item>
        <item name="colorSecondary">@color/md_theme_dark_secondary</item>
        <item name="colorOnSecondary">@color/md_theme_dark_onSecondary</item>
        <item name="colorSecondaryContainer">@color/md_theme_dark_secondaryContainer</item>
        <item name="colorOnSecondaryContainer">@color/md_theme_dark_onSecondaryContainer</item>
        <item name="colorTertiary">@color/md_theme_dark_tertiary</item>
        <item name="colorOnTertiary">@color/md_theme_dark_onTertiary</item>
        <item name="colorTertiaryContainer">@color/md_theme_dark_tertiaryContainer</item>
        <item name="colorOnTertiaryContainer">@color/md_theme_dark_onTertiaryContainer</item>
        <item name="colorError">@color/md_theme_dark_error</item>
        <item name="colorErrorContainer">@color/md_theme_dark_errorContainer</item>
        <item name="colorOnError">@color/md_theme_dark_onError</item>
        <item name="colorOnErrorContainer">@color/md_theme_dark_onErrorContainer</item>
        <item name="android:colorBackground">@color/md_theme_dark_background</item>
        <item name="colorOnBackground">@color/md_theme_dark_onBackground</item>
        <item name="colorSurface">@color/md_theme_dark_surface</item>
        <item name="colorOnSurface">@color/md_theme_dark_onSurface</item>
        <item name="colorSurfaceVariant">@color/md_theme_dark_surfaceVariant</item>
        <item name="colorOnSurfaceVariant">@color/md_theme_dark_onSurfaceVariant</item>
        <item name="colorOutline">@color/md_theme_dark_outline</item>
        <item name="colorOnSurfaceInverse">@color/md_theme_dark_inverseOnSurface</item>
        <item name="colorSurfaceInverse">@color/md_theme_dark_inverseSurface</item>
        <item name="colorPrimaryInverse">@color/md_theme_dark_inversePrimary</item>
		<item name="android:fontFamily">@font/changa</item>
    </style>
</resources>
